<?xml version="1.0" encoding="UTF-8"?>

<paneladmina lang="pl">
    
    <naglowek1>Szukaj</naglowek1>
    <naglowek2>O projekcie</naglowek2>
    <naglowek3>Rozwiń menu</naglowek3>
    <naglowek4>Ustawienia konta</naglowek4>
    <naglowek5>Panel administratora</naglowek5>
    
    <ciasteczkatekst>Nasz serwis korzysta z ciasteczek!</ciasteczkatekst>
    <rozumiem>Rozumiem</rozumiem>
    <dowiedzsiewiecej>Dowiedz się więcej</dowiedzsiewiecej>
    
    <nieteraz>Nie teraz</nieteraz>
    <aktualizuj>Aktualizuj</aktualizuj>
    <updatetekst>Dostępna jest nowa wersja Oversee Systems!</updatetekst>
    
    <wyloguj>Wyloguj się</wyloguj>
    
    <tab1>Strona</tab1>
    <tab2>Użytkownicy</tab2>
    <tab3>Kody QR</tab3>
    
    <zmienlogo>Zmień logo strony</zmienlogo>
    <zmienlogobtn>Zmień logo</zmienlogobtn>
    <zmiennazwe>Zmień nazwę strony</zmiennazwe>
    <zmiennazwebtn>Zmień nazwę</zmiennazwebtn>
    <adresurllogo>Podaj adres URL obrazu:</adresurllogo>
    
    <modaltekstzmianalogo>Logo w formacie 1:1 (kwadrat) będzie wyświetlane najlepiej. Dla poprawienia szybkości ładowania obrazów zaleca się przesłać obraz o wymiarach nie większych niż 200x200px. Obsługiwane formaty to .jpeg / .jpg / .gif / .png. &lt;br/>&lt;br/> W celu zdobycia adresu URL zdjęcia, można skorzystać z hostingów obrazów takich jak: &lt;ul>&lt;li>&lt;a href="https://imgur.com" target="_blank">imgur.com&lt;/a>&lt;/li>&lt;li>&lt;a href="https://imgsafe.org" target="_blank">imgsafe.org&lt;/a>&lt;/li>&lt;li>&lt;a href="https://postimage.io" target="_blank">postimage.io&lt;/a>&lt;/li>&lt;li>&lt;a href="https://tinypic.com" target="_blank">tinypic.com&lt;/a>&lt;/li>&lt;/ul> &lt;br/>&lt;br/> Obraz zostanie automatycznie przeskalowany do porządanych rozmiarów.</modaltekstzmianalogo>
    
    <modaltekstzmiananazwy>Wyświetlana będzie obok loga na pasku nawigacji oraz na zakładce w przeglądarce internetowej.&lt;br/>&lt;br/> Może być również wyszukiwana w wyszukiwarkach (Google, Yahoo!, Bing). &lt;br/>&lt;br/>Nazwa powinna mieć od 4 do 50 znaków.</modaltekstzmiananazwy>
    
    <zamknij>Zamknij</zamknij>
    <podglad>Podgląd</podglad>
    <usun>Usuń</usun>
    <ok>OK</ok>
    <edytuj>Edytuj</edytuj>
    <generujbtn>Generuj</generujbtn>
    
    <login>Login</login>
    <email>Email</email>
    <haslo>Hasło</haslo>
    <imie>Imię</imie>
    <nazwisko>Nazwisko</nazwisko>
    <specjalizacja>Specjalizacja</specjalizacja>
    <uprawnienia>Uprawnienia</uprawnienia>
    <usunuzytkownika>Usuń użytkownika</usunuzytkownika>
    <edytujinformacje>Edytuj dane</edytujinformacje>
    
    <moderator>Moderator</moderator>
    <administrator>Administrator</administrator>
    <superadmin>Super Administrator</superadmin>
    <wlasciciel>Właściciel</wlasciciel>
    
    <uzytkownikdodany>Użytkownik dodany pomyślnie, zapisz te dane:</uzytkownikdodany>
    <wszyscyuzytkownicy>Wszyscy użytkownicy:</wszyscyuzytkownicy>
    
    <dodajnowegouzytkownika>Dodaj nowego użytkownika:</dodajnowegouzytkownika>
    <dodajuzytkownika>Dodaj użytkownika</dodajuzytkownika>
    <podajimie>Podaj imię:</podajimie>
    <podajnazwisko>Podaj nazwisko:</podajnazwisko>
    <wybierzpermisje>Wybierz uprawnienia użytkownika:</wybierzpermisje>
    <wybierzspecializacje>Wybierz specjalizację (opcjonalnie):</wybierzspecializacje>
    <wybierzspecializacje2>Wybierz specjalizację:</wybierzspecializacje2>
    <logintitle>Login (generowany automatycznie):</logintitle>
    
    <edytujinformacjetitle>Edytujesz dane użytkownika</edytujinformacjetitle>
    
    <infoopermisjach>Rodzaje uprawnień</infoopermisjach>
    <permisjetekst>Różne uprawnienia dają użytkownikom dostęp do wykonywania poszczególnych działań na stronie. &lt;br/>&lt;br/> &lt;ul>&lt;li>&lt;b>Moderator&lt;/b> - posiada dostęp do dodawania komentarzy, zmiany ostatniej lokalizacji oraz stanu uszkodzenia.&lt;/li>&lt;li>&lt;b>Administrator&lt;/b> - posiada wszystkie uprawnienia moderatora, dodatkowo ma dostęp do wyświetlania najnowszych kometnarzy (na stronie głównej), edytowania większej ilości informacji o przedmiotach oraz do usuwania komentarzy.&lt;/li>&lt;li>&lt;b>Super Administrator (właściciel)&lt;/b> - posiada wszystkie uprawnienia moderatora oraz administratora, dodatkowo ma dostęp do panelu administratora, dodawania i usuwania użytkowników, dodawania i usuwania przedmiotów, zmiany wyglądu strony.&lt;/li>&lt;/u></permisjetekst>
    
    <architektura>Architektura</architektura>
    <bibliotekarstwo>Bibliotekarstwo</bibliotekarstwo>
    <blacharstwo>Blacharstwo</blacharstwo>
    <hydraulika>Hydraulika</hydraulika>
    <elektronika>Elektronika</elektronika>
    <elektryka>Elektryka</elektryka>
    <informatyka>Informatyka</informatyka>
    <lakiernictwo>Lakiernictwo</lakiernictwo>
    <mechanika>Mechanika</mechanika>
    <stolarstwo>Stolarstwo</stolarstwo>
    
    <generujkody>Dla sprawnego działania systemu warto wygenerować kody QR i użyć ich do oznaczenia konkretnych przedmiotów (np kodami w formie naklejek).</generujkody>
    <gdziegenerowac>Kody w dużych ilościach można wygenerować na stronach takich jak: &lt;br/>&lt;br/>&lt;ul style="list-style-position: inside;">&lt;li>&lt;a href="https://qrexplore.com/generate/" target="_blank">QRExplore.com&lt;/a>&lt;/li>&lt;li>&lt;a href="http://barcodez.net/bulk_qrcode_generator.php" target="_blank">barcodez.net&lt;/a>&lt;/li>&lt;/ul></gdziegenerowac>
    <zakresnumerowid>Podaj zakres numerów ID:</zakresnumerowid>
    <generujlinki>Generuj linki z numerami ID</generujlinki>
    <zapiszostatninumerid>Zapamiętaj ostatni generowany numer ID</zapiszostatninumerid>
    
</paneladmina>