<?xml version="1.0" encoding="UTF-8"?>

<paneladmina lang="en">
    
    <naglowek1>Search</naglowek1>
    <naglowek2>About the project</naglowek2>
    <naglowek3>Rozwiń menu</naglowek3>
    <naglowek4>Account settings</naglowek4>
    <naglowek5>Administration panel</naglowek5>
    
    <ciasteczkatekst>Our site uses cookies!</ciasteczkatekst>
    <rozumiem>I understand</rozumiem>
    <dowiedzsiewiecej>Learn more</dowiedzsiewiecej>
    
    <nieteraz>Not now</nieteraz>
    <aktualizuj>Update</aktualizuj>
    <updatetekst>A new version of Oversee Systems is available!</updatetekst>
    
    <wyloguj>Log out</wyloguj>
    
    <tab1>Website</tab1>
    <tab2>Users</tab2>
    <tab3>QR Codes</tab3>
    
    <zmienlogo>Change logo of the page</zmienlogo>
    <zmienlogobtn>Change logo</zmienlogobtn>
    <zmiennazwe>Change name of the page</zmiennazwe>
    <zmiennazwebtn>Change name</zmiennazwebtn>
    <adresurllogo>Enter the URL of the image:</adresurllogo>
    
    <modaltekstzmianalogo>Logo in the format 1:1 (square) will be displayed best. To improve the speed of loading images is recommended to upload an image not larger than 200x200px. Supported formats are .jpeg / .jpg / .gif / .png. &lt;br/>&lt;br/>In order to obtain the URL of images, you can use the hosting images such as: &lt;ul>&lt;li>&lt;a href="https://imgur.com" target="_blank">imgur.com&lt;/a>&lt;/li>&lt;li>&lt;a href="https://imgsafe.org" target="_blank">imgsafe.org&lt;/a>&lt;/li>&lt;li>&lt;a href="https://postimage.io" target="_blank">postimage.io&lt;/a>&lt;/li>&lt;li>&lt;a href="https://tinypic.com" target="_blank">tinypic.com&lt;/a>&lt;/li>&lt;/ul> &lt;br/>&lt;br/>The image will be automatically scaled to the desired size.</modaltekstzmianalogo>
    
    <modaltekstzmiananazwy>Will be displayed next to the logo on the navigation bar and the tab in the browser.&lt;br/>&lt;br/>It can also be searched for in the search engines (Google, Yahoo!, Bing).&lt;br/>&lt;br/>The name should be 4 to 50 characters.</modaltekstzmiananazwy>
    
    <zamknij>Close</zamknij>
    <podglad>Preview</podglad>
    <usun>Delete</usun>
    <ok>OK</ok>
    <edytuj>Edit</edytuj>
    <generujbtn>Generate</generujbtn>
    
    <login>Login</login>
    <email>Email</email>
    <haslo>Password</haslo>
    <imie>Name</imie>
    <nazwisko>Lastname</nazwisko>
    <specjalizacja>Specialization</specjalizacja>
    <uprawnienia>Permissions</uprawnienia>
    <usunuzytkownika>Delete user</usunuzytkownika>
    <edytujinformacje>Edit data</edytujinformacje>
    
    <moderator>Moderator</moderator>
    <administrator>Administrator</administrator>
    <superadmin>Super Administrator</superadmin>
    <wlasciciel>Owner</wlasciciel>
    
    <uzytkownikdodany>User added successfully, save this data:</uzytkownikdodany>
    <wszyscyuzytkownicy>All users:</wszyscyuzytkownicy>
    
    <dodajnowegouzytkownika>Add new user:</dodajnowegouzytkownika>
    <dodajuzytkownika>Add user</dodajuzytkownika>
    <podajimie>Enter the name:</podajimie>
    <podajnazwisko>Enter the lastname:</podajnazwisko>
    <wybierzpermisje>Select user permissions:</wybierzpermisje>
    <wybierzspecializacje>Select user specialization (optional):</wybierzspecializacje>
    <wybierzspecializacje2>Select user specialization:</wybierzspecializacje2>
    <logintitle>Login (automatically generated):</logintitle>
    
    <edytujinformacjetitle>You are editing data for</edytujinformacjetitle>
    
    <infoopermisjach>Types of permissions</infoopermisjach>
    <permisjetekst>Different permissions give users access to perform specific actions on the site. &lt;br/>&lt;br/> &lt;ul>&lt;li>&lt;b>Moderator&lt;/b> - have access to add comments, change the last location and the state of damage.&lt;/li>&lt;li>&lt;b>Administrator&lt;/b> - has all the powers of a moderator, additionally got access to view the latest comments (on the main page), edit more information about the objects and can delete comments.&lt;/li>&lt;li>&lt;b>Super Administrator (owner)&lt;/b> - It has all the powers of a moderator and administrator also has access to the admin panel, add and delete users, add and delete items, change the look of the page.&lt;/li>&lt;/u></permisjetekst>
    
    <architektura>Architecture</architektura>
    <bibliotekarstwo>Librarianship</bibliotekarstwo>
    <blacharstwo>Tin-smithing</blacharstwo>
    <hydraulika>Hydraulics</hydraulika>
    <elektronika>Electronics</elektronika>
    <elektryka>Electricity</elektryka>
    <informatyka>Informatics</informatyka>
    <lakiernictwo>Varnishing</lakiernictwo>
    <mechanika>Mechanics</mechanika>
    <stolarstwo>Carpentry</stolarstwo>
    
    <generujkody>For the smooth operation of the system you should generate QR codes and use them to mark specific items (such as codes in the form of stickers).</generujkody>
    <gdziegenerowac>The codes in large quantities can be generated at sites such as: &lt;br/>&lt;br/>&lt;ul style="list-style-position: inside;">&lt;li>&lt;a href="https://qrexplore.com/generate/" target="_blank">QRExplore.com&lt;/a>&lt;/li>&lt;li>&lt;a href="http://barcodez.net/bulk_qrcode_generator.php" target="_blank">barcodez.net&lt;/a>&lt;/li>&lt;/ul></gdziegenerowac>
    <zakresnumerowid>Enter a range of numbers ID:</zakresnumerowid>
    <generujlinki>Generate links with the ID numbers</generujlinki>
    <zapiszostatninumerid>Remember last generated ID number</zapiszostatninumerid>
    
</paneladmina>