<?xml version="1.0" encoding="UTF-8"?>

<stronaglowna lang="pl">
    
    <!-- Teksty dla strony głównej, menu i wyszukiwania -->
    <naglowek1>Szukaj</naglowek1>
    <naglowek2>O projekcie</naglowek2>
    <naglowek3>Rozwiń menu</naglowek3>
    <naglowek4>Ustawienia konta</naglowek4>
    <naglowek5>Panel administratora</naglowek5>
    
    <content1>Wyszukaj według numeru ID:</content1>
    <content2>Wyszukaj według kategorii:</content2>
    <content3>Wyszukaj według nazwy przedmiotu:</content3>
    <content4>Wyszukaj według lokalizacji przedmiotu:</content4>
    
    <modal_tytul1>Numer ID</modal_tytul1>
    <modal_tekst1>Numer ID zapisany jest w kodzie QR.&lt;br>&lt;br>Kod QR można zeskanować dowolnym urządzeniem z aparatem wspierającym aplikację typu "QR Skaner" (np Smartphone). Darmowe skanery dostępne są w sklepach z aplikacjami (Google Play, Apple Store, Microsoft Store).</modal_tekst1>
    
    <modal_tytul2>Zaloguj się do Oversee Systems</modal_tytul2>
    <modal_tekst2></modal_tekst2>
    
    <modal_tytul3>Dodaj informację o przedmiocie do bazy danych</modal_tytul3>
    <modal_tekst3></modal_tekst3>
    
    <modal_tytul4>Dodaj nowy komentarz</modal_tytul4>
    <modal_tekst4></modal_tekst4>
    
    <!-- Logowanie -->
    <placeholder1>Login</placeholder1>
    <placeholder2>Hasło</placeholder2>
    
    <szukaj>Szukaj</szukaj>
    <zamknij>Zamknij</zamknij>
    <zaloguj>Zaloguj się</zaloguj>
    <wyloguj>Wyloguj się</wyloguj>
    <wybierz>Wybierz</wybierz>
    
    <!-- Nazwy kategorii -->
    <devices>Urządzenia elektryczne i elektroniczne</devices>
    
    <!-- Informację związane z kategoriami -->
    <brakkategorii>Brak kategorii do wyświetlenia</brakkategorii>
    <brakwyniku>&lt;p class="no_info_paragraph">Brak informacji o danym przedmiocie.&lt;/p></brakwyniku>
    <brakwkategorii>&lt;p class="no_info_paragraph">Brak elementów w danej kategorii.&lt;/p></brakwkategorii>
    <kategorianieinstnieje>&lt;p class="no_info_paragraph">Dana kategoria nie istnieje.&lt;/p></kategorianieinstnieje>
    
    <naglowekkategorii>Wszystkie przedmioty w kategorii:</naglowekkategorii>
    
    <!-- Nagłówki dla wyświetlania informacji o przedmiotach -->
    <nazwa>Nazwa</nazwa>
    <ulokowanie>Lokalizacja</ulokowanie>
    <ostatnialokalizacja>Ostatnia lokalizacja</ostatnialokalizacja>
    <typ>Typ</typ>
    <uwagi>Ostatni komentarz</uwagi>
    <komentarz>Komentarz</komentarz>
    <uszkodzony>Uszkodzenie</uszkodzony>
    <pokazhistorieuwag>Pokaż historię komentarzy</pokazhistorieuwag>
    <dodajdobazy>Dodaj informację o przedmiocie do bazy danych</dodajdobazy>
    <urzadzenie>Urządzenie</urzadzenie>
    <przedmiot>Przedmiot</przedmiot>
    <kategoria>Kategoria</kategoria>
    
    <ktododal>Dodany przez</ktododal>
    <kiedy>Data i czas</kiedy>
    
    <!-- Proste zwroty -->
    <tak>Tak</tak>
    <nie>Nie</nie>
    <brak>Brak</brak>
    <dalej>Dalej</dalej>
    <usun>Usuń</usun>
    <dodaj>Dodaj do bazy danych</dodaj>
    <dodajkomentarz>Dodaj komentarz</dodajkomentarz>
    <edytuj>Edytuj</edytuj>
    <potwierdz>Potwierdź</potwierdz>
    <anuluj>Anuluj</anuluj>
    <powiadomspecialistow>Poinformuj specjalistów</powiadomspecialistow>
    <historiakomentarzy>Historia komentarzy:</historiakomentarzy>
    <brakkomentarzy>Brak komentarzy</brakkomentarzy>
    <najnowszekomentarze>Najnowsze komentarze:</najnowszekomentarze>
    <nieteraz>Nie teraz</nieteraz>
    <aktualizuj>Aktualizuj</aktualizuj>
    <updatetekst>Dostępna jest nowa wersja Oversee Systems!</updatetekst>
    <brakprzedmiotowonazwie>Brak przedmiotów o podanej nazwie.</brakprzedmiotowonazwie>
    <brakprzedmiotowzlokacji>Brak przedmiotów pasujących do podanej lokacji.</brakprzedmiotowzlokacji>
    <przedmiotyopodanejnazwie>Lista przedmiotów pasujących do podanej nazwy</przedmiotyopodanejnazwie>
    <przedmiotyopodanejlokacji>Lista przedmiotów pasujących do podanej lokacji:</przedmiotyopodanejlokacji>
    
    <wybierzkategorie>Wybierz do jakiej kategorii dodać przedmiot:</wybierzkategorie>
    <usunprzedmiot>Usuń przedmiot z bazy danych</usunprzedmiot>
    <dodajnowykomentarz>Dodaj nowy komentarz</dodajnowykomentarz>
    
    <ciasteczkatekst>Nasz serwis korzysta z ciasteczek!</ciasteczkatekst>
    <rozumiem>Rozumiem</rozumiem>
    <dowiedzsiewiecej>Dowiedz się więcej</dowiedzsiewiecej>
    
    <!-- Lista specjalistów -->
    <wybierzspecjalistow>Wbierz specjalizacje:</wybierzspecjalistow>
    <option1>Architektura</option1>
    <option2>Bibliotekarstwo</option2>
    <option3>Blacharstwo</option3>
    <option4>Hydraulika</option4>
    <option5>Elektronika</option5>
    <option6>Elektryka</option6>
    <option7>Informatyka</option7>
    <option8>Lakiernictwo</option8>
    <option9>Mechanika</option9>
    <option10>Stolarstwo</option10>
    
    <!-- Typy urządzeń -->
    <stacjarobocza>Stacja robocza</stacjarobocza>
    <serwer>Serwer</serwer>
    <laptop>Komputer przenośny (laptop)</laptop>
    <terminal>Terminal</terminal>
    <monitor>Monitor</monitor>
    <myszkomputerowa>Mysz komputerowa</myszkomputerowa>
    <klawiatura>Klawiatura</klawiatura>
    <glosniki>Głośniki</glosniki>
    <sluchawki>Słuchawki</sluchawki>
    <mikrofon>Mikrofon</mikrofon>
    <kalkulator>Kalkulator</kalkulator>
    <projektor>Projektor</projektor>
    <telefon>Telefon</telefon>
    <smartphone>Smartphone</smartphone>
    <automatycznasekretarka>Automatyczna sekretarka</automatycznasekretarka>
    <drukarka>Drukarka</drukarka>
    <faks>Faks</faks>
    <ksero>Ksero</ksero>
    <skaner>Skaner</skaner>
    <urzadzeniewielofunkcyjne>Urządzenie wielofunkcyjne</urzadzeniewielofunkcyjne>
    <telewizor>Telewizor</telewizor>
    <dekoder>Dekoder</dekoder>
    <radio>Radio</radio>
    <odtwarzaczvideo>Odtwarzacz wideo</odtwarzaczvideo>
    <wierzahifi>Wierza Hi-Fi</wierzahifi>
    <wzmacniacz>Wzmacniacz</wzmacniacz>
    <kamera>Kamera</kamera>
    <tablicainteraktywna>Tablica interaktywna</tablicainteraktywna>
    <lodowka>Lodówka</lodowka>
    <pralka>Pralka</pralka>
    <zmywarka>Zmywarka</zmywarka>
    <mikrofalowka>Mikrofalówka</mikrofalowka>
    <grzejnikelektryczny>Grzejnik elektryczny</grzejnikelektryczny>
    <wentylator>Wentylator</wentylator>
    <klimatyzator>Klimatyzator</klimatyzator>
    <odkurzacz>Odkurzacz</odkurzacz>
    <toster>Toster</toster>
    <frytkownica>Frytkownica</frytkownica>
    <suszarka>Suszarka</suszarka>
    <waga>Waga</waga>
    <zegar>Zegar</zegar>
    <lampa>Lampa</lampa>
    <pila>Piła</pila>
    <wiertarka>Wiertarka</wiertarka>
    <maszynadoszycia>Maszyna do szycia</maszynadoszycia>
    <spawarka>Spawarka</spawarka>
    <kosiarkaelektryczna>Kosiarka elektryczna</kosiarkaelektryczna>
    <dmuchawa>Dmuchawa</dmuchawa>
    <sprzetdoradioterapii>Sprzęt do radioterapii</sprzetdoradioterapii>
    <sprzetdobadankardiologicznych>Sprzęt do badań kardiologicznych</sprzetdobadankardiologicznych>
    <sprzetdodializoterapii>Sprzęt do dializoterapii</sprzetdodializoterapii>
    <sprzetdowentylacjipluc>Sprzęt do wentylacji płuc</sprzetdowentylacjipluc>
    <urzadzeniemedycznewykorzystujacetechnikenuklearna>Urządzenia medyczne wykorzystujące technikę nuklearną</urzadzeniemedycznewykorzystujacetechnikenuklearna>
    <czujnikdymu>Czujnik dymu</czujnikdymu>
    <regulatorciepla>Regulator ciepła</regulatorciepla>
    <termostat>Termostat</termostat>
    <automatdowydawanianajopowgoracych>Automat do wydawania napojów gorących</automatdowydawanianajopowgoracych>
    <automatdowydawaniabutelekipuszek>Automat do wydawania butelek i puszek</automatdowydawaniabutelekipuszek>
    <automatdowydawaniaproduktowstalych>Automat do wydawania produktów stałych</automatdowydawaniaproduktowstalych>
    <bankomat>Bankomat</bankomat>
    <innyautomat>Inny automat</innyautomat>
    <inny>Inny</inny>
    
</stronaglowna>