<?xml version="1.0" encoding="UTF-8"?>

<stronaglowna lang="en">
    
    <!-- Teksty dla strony głównej, menu i wyszukiwania -->
    <naglowek1>Search</naglowek1>
    <naglowek2>About the project</naglowek2>
    <naglowek3>Rozwiń menu</naglowek3>
    <naglowek4>Account settings</naglowek4>
    <naglowek5>Administration panel</naglowek5>
    
    <content1>Search by ID number:</content1>
    <content2>Search by category:</content2>
    <content3>Search by item name:</content3>
    <content4>Search by item location:</content4>
    
    <modal_tytul1>ID number</modal_tytul1>
    <modal_tekst1>ID number is stored in the QR code. &lt;br>&lt;br>You can scan QR code with any device with a camera supporting the application type "QR Scanner" (e.g Smartphone). Free scanners are available in the app stores (Google Play, Apple Store, Microsoft Store).</modal_tekst1>
    
    <modal_tytul2>Log in to the Oversee Systems</modal_tytul2>
    <modal_tekst2></modal_tekst2>
    
    <modal_tytul3>Add information about an item to the database</modal_tytul3>
    <modal_tekst3></modal_tekst3>
    
    <modal_tytul4>Add new comment</modal_tytul4>
    <modal_tekst4></modal_tekst4>
    
    <!-- Logowanie -->
    <placeholder1>Login</placeholder1>
    <placeholder2>Password</placeholder2>
    
    <szukaj>Search</szukaj>
    <zamknij>Close</zamknij>
    <zaloguj>Sign in</zaloguj>
    <wyloguj>Log out</wyloguj>
    <wybierz>Choose</wybierz>
    
    <!-- Nazwy kategorii -->
    <devices>Electrical and electronic devices</devices>
    
    <!-- Informację związane z kategoriami -->
    <brakkategorii>No categories to display</brakkategorii>
    <brakwyniku>&lt;p class="no_info_paragraph">No information about an item.&lt;/p></brakwyniku>
    <brakwkategorii>&lt;p class="no_info_paragraph">There are no items in this category.&lt;/p></brakwkategorii>
    <kategorianieinstnieje>&lt;p class="no_info_paragraph">A category does not exist.&lt;/p></kategorianieinstnieje>
    
    <naglowekkategorii>All items in the category:</naglowekkategorii>
    
    <!-- Nagłówki dla wyświetlania informacji o przedmiotach -->
    <nazwa>Name</nazwa>
    <ulokowanie>Location</ulokowanie>
    <ostatnialokalizacja>Last location</ostatnialokalizacja>
    <typ>Type</typ>
    <uwagi>Last comment</uwagi>
    <komentarz>Comment</komentarz>
    <uszkodzony>Damaged</uszkodzony>
    <pokazhistorieuwag>Show comments history</pokazhistorieuwag>
    <dodajdobazy>Add information about an item to the database</dodajdobazy>
    <urzadzenie>Device</urzadzenie>
    <przedmiot>Item</przedmiot>
    <kategoria>Category</kategoria>
    
    <ktododal>Added by</ktododal>
    <kiedy>Date and time</kiedy>
    
    <!-- Proste zwroty -->
    <tak>Yes</tak>
    <nie>No</nie>
    <brak>No comments</brak>
    <dalej>Next</dalej>
    <usun>Delete</usun>
    <dodaj>Add to the database</dodaj>
    <dodajkomentarz>Add comment</dodajkomentarz>
    <edytuj>Edit</edytuj>
    <potwierdz>Confirm</potwierdz>
    <anuluj>Cancel</anuluj>
    <powiadomspecialistow>Inform specialists</powiadomspecialistow>
    <historiakomentarzy>Comments history:</historiakomentarzy>
    <brakkomentarzy>No comments</brakkomentarzy>
    <najnowszekomentarze>Recent comments:</najnowszekomentarze>
    <nieteraz>Not now</nieteraz>
    <aktualizuj>Update</aktualizuj>
    <updatetekst>A new version of Oversee Systems is available!</updatetekst>
    <brakprzedmiotowonazwie>No items with specified name.</brakprzedmiotowonazwie>
    <brakprzedmiotowzlokacji>There are no items that match the specified location.</brakprzedmiotowzlokacji>
    <przedmiotyopodanejnazwie>List of items that match the given name</przedmiotyopodanejnazwie>
    <przedmiotyopodanejlokacji>List of items that match the specified location:</przedmiotyopodanejlokacji>
    
    <wybierzkategorie>Choose which category to add an item:</wybierzkategorie>
    <usunprzedmiot>Remove an item from the database</usunprzedmiot>
    <dodajnowykomentarz>Add new comment</dodajnowykomentarz>
    
    <ciasteczkatekst>Our site uses cookies!</ciasteczkatekst>
    <rozumiem>I understand</rozumiem>
    <dowiedzsiewiecej>Learn more</dowiedzsiewiecej>
    
    <!-- Lista specjalistów -->
    <wybierzspecjalistow>Select specializations:</wybierzspecjalistow>
    <option1>Architecture</option1>
    <option2>Librarianship</option2>
    <option3>Tin-smithing</option3>
    <option4>Hydraulics</option4>
    <option5>Electronics</option5>
    <option6>Electricity</option6>
    <option7>Informatics</option7>
    <option8>Varnishing</option8>
    <option9>Mechanics</option9>
    <option10>Carpentry</option10>
    
    <!-- Typy urządzeń -->
    <stacjarobocza>Working station</stacjarobocza>
    <serwer>Server</serwer>
    <laptop>Laptop</laptop>
    <terminal>Terminal</terminal>
    <monitor>Display</monitor>
    <myszkomputerowa>Computer mouse</myszkomputerowa>
    <klawiatura>Keyboard</klawiatura>
    <glosniki>Speakers</glosniki>
    <sluchawki>Headphones</sluchawki>
    <mikrofon>Microphone</mikrofon>
    <kalkulator>Calculator</kalkulator>
    <projektor>Projector</projektor>
    <telefon>Phone</telefon>
    <smartphone>Smartphone</smartphone>
    <automatycznasekretarka>Voice mail</automatycznasekretarka>
    <drukarka>Printer</drukarka>
    <faks>Fax</faks>
    <ksero>Photocopying</ksero>
    <skaner>Scanner</skaner>
    <urzadzeniewielofunkcyjne>Multifunction device</urzadzeniewielofunkcyjne>
    <telewizor>Television</telewizor>
    <dekoder>Decoder</dekoder>
    <radio>Radio</radio>
    <odtwarzaczvideo>Video player</odtwarzaczvideo>
    <wierzahifi>Hi-Fi</wierzahifi>
    <wzmacniacz>Amplifier</wzmacniacz>
    <kamera>Camera</kamera>
    <tablicainteraktywna>Interactive whiteboard</tablicainteraktywna>
    <lodowka>Fridge</lodowka>
    <pralka>Washer</pralka>
    <zmywarka>Washing Machine</zmywarka>
    <mikrofalowka>Microwave</mikrofalowka>
    <grzejnikelektryczny>Electric heater</grzejnikelektryczny>
    <wentylator>Fan</wentylator>
    <klimatyzator>Air conditioner</klimatyzator>
    <odkurzacz>Vacuum cleaner</odkurzacz>
    <toster>Toaster</toster>
    <frytkownica>Deep fryers</frytkownica>
    <suszarka>Dryer</suszarka>
    <waga>Weight</waga>
    <zegar>Clock</zegar>
    <lampa>Lamp</lampa>
    <pila>Saw</pila>
    <wiertarka>Drill</wiertarka>
    <maszynadoszycia>Sewing Machine</maszynadoszycia>
    <spawarka>Welder</spawarka>
    <kosiarkaelektryczna>Electric mower</kosiarkaelektryczna>
    <dmuchawa>Blower</dmuchawa>
    <sprzetdoradioterapii>Equipment for radiotherapy</sprzetdoradioterapii>
    <sprzetdobadankardiologicznych>Equipment for cardiological examinations</sprzetdobadankardiologicznych>
    <sprzetdodializoterapii>Equipment for dialysis</sprzetdodializoterapii>
    <sprzetdowentylacjipluc>Equipment for lung ventilation</sprzetdowentylacjipluc>
    <urzadzeniemedycznewykorzystujacetechnikenuklearna>Medical devices using nuclear technology</urzadzeniemedycznewykorzystujacetechnikenuklearna>
    <czujnikdymu>Smoke sensor</czujnikdymu>
    <regulatorciepla>Heat regulator</regulatorciepla>
    <termostat>Thermostat</termostat>
    <automatdowydawanianajopowgoracych>Vending machine with hot drinks</automatdowydawanianajopowgoracych>
    <automatdowydawaniabutelekipuszek>Vending machine with bottles and cans</automatdowydawaniabutelekipuszek>
    <automatdowydawaniaproduktowstalych>Vending machine with solids</automatdowydawaniaproduktowstalych>
    <bankomat>ATM</bankomat>
    <innyautomat>Other vending machine</innyautomat>
    <inny>Other</inny>
    
</stronaglowna>